y,MSSubClass,MSZoning,LotFrontage,LotArea,LotShape,LandContour,LotConfig,Neighborhood,Condition1,Condition2,BldgType,HouseStyle,OverallQual,OverallCond,YearBuilt,YearRemodAdd,RoofStyle,RoofMatl,Exterior1st,Exterior2nd,MasVnrType,MasVnrArea,ExterQual,ExterCond,Foundation,BsmtQual,BsmtCond,BsmtExposure,BsmtFinType1,BsmtFinSF1,BsmtFinType2,BsmtFinSF2,BsmtUnfSF,TotalBsmtSF,Heating,HeatingQC,CentralAir,Electrical,1stFlrSF,2ndFlrSF,LowQualFinSF,GrLivArea,BsmtFullBath,BsmtHalfBath,FullBath,HalfBath,BedroomAbvGr,KitchenAbvGr,KitchenQual,TotRmsAbvGrd,Functional,Fireplaces,GarageType,GarageYrBlt,GarageFinish,GarageCars,GarageArea,GarageQual,GarageCond,PavedDrive,WoodDeckSF,OpenPorchSF,EnclosedPorch,3SsnPorch,ScreenPorch,PoolArea,MiscVal,MoSold,YrSold,SaleType,SaleCondition
337500.0,20.0,2.0,96.0,12456.0,3.0,3.0,2.0,13.0,2.0,0.0,0.0,1.0,10.0,5.0,2006.0,2007.0,2.0,1.0,2.0,2.0,2.0,230.0,0.0,2.0,2.0,0.0,2.0,1.0,2.0,1172.0,5.0,0.0,528.0,1700.0,0.0,0.0,1.0,2.0,1718.0,0.0,0.0,1718.0,1.0,0.0,2.0,0.0,3.0,1.0,0.0,7.0,5.0,1.0,1.0,2008.0,0.0,3.0,786.0,2.0,2.0,2.0,216.0,48.0,0.0,0.0,0.0,0.0,0.0,7.0,2009.0,6.0,3.0
235000.0,120.0,3.0,44.0,4750.0,0.0,1.0,4.0,5.0,2.0,0.0,4.0,1.0,8.0,5.0,2006.0,2007.0,2.0,1.0,7.0,9.0,2.0,481.0,1.0,2.0,2.0,2.0,2.0,1.0,2.0,1573.0,5.0,0.0,0.0,1573.0,0.0,0.0,1.0,2.0,1625.0,0.0,0.0,1625.0,1.0,1.0,2.0,0.0,2.0,1.0,2.0,5.0,5.0,1.0,1.0,2006.0,0.0,2.0,538.0,2.0,2.0,2.0,123.0,0.0,0.0,0.0,153.0,0.0,0.0,12.0,2007.0,6.0,2.0
175500.0,20.0,2.0,78.0,12090.0,0.0,3.0,4.0,11.0,2.0,0.0,0.0,1.0,6.0,6.0,1981.0,1981.0,0.0,1.0,4.0,5.0,1.0,210.0,2.0,1.0,1.0,2.0,2.0,3.0,2.0,588.0,3.0,228.0,606.0,1422.0,0.0,3.0,1.0,2.0,1422.0,0.0,0.0,1422.0,0.0,0.0,2.0,0.0,3.0,1.0,2.0,7.0,5.0,1.0,1.0,1981.0,0.0,2.0,576.0,2.0,2.0,2.0,276.0,0.0,0.0,0.0,0.0,0.0,0.0,6.0,2008.0,6.0,3.0
225000.0,20.0,2.0,76.0,9158.0,3.0,3.0,4.0,18.0,2.0,0.0,0.0,1.0,8.0,5.0,2007.0,2007.0,0.0,1.0,2.0,2.0,2.0,140.0,1.0,2.0,2.0,2.0,2.0,0.0,5.0,0.0,5.0,0.0,1496.0,1496.0,0.0,0.0,1.0,2.0,1496.0,0.0,0.0,1496.0,0.0,0.0,2.0,0.0,3.0,1.0,2.0,7.0,5.0,0.0,1.0,2007.0,0.0,2.0,474.0,2.0,2.0,2.0,168.0,130.0,0.0,0.0,0.0,0.0,0.0,6.0,2007.0,5.0,4.0
146000.0,20.0,2.0,71.0,9230.0,3.0,3.0,0.0,10.0,1.0,0.0,0.0,1.0,5.0,8.0,1965.0,1998.0,2.0,1.0,4.0,5.0,1.0,166.0,2.0,2.0,1.0,3.0,2.0,2.0,2.0,661.0,5.0,0.0,203.0,864.0,0.0,2.0,1.0,2.0,1200.0,0.0,0.0,1200.0,1.0,0.0,1.0,1.0,1.0,1.0,2.0,6.0,5.0,0.0,5.0,1977.0,2.0,2.0,884.0,2.0,2.0,2.0,0.0,64.0,0.0,0.0,0.0,0.0,0.0,10.0,2006.0,6.0,3.0
184000.0,20.0,2.0,47.0,12416.0,0.0,3.0,4.0,20.0,2.0,0.0,0.0,1.0,6.0,5.0,1986.0,1986.0,0.0,1.0,7.0,7.0,2.0,132.0,2.0,2.0,1.0,2.0,0.0,3.0,0.0,1398.0,3.0,208.0,0.0,1606.0,0.0,3.0,1.0,2.0,1651.0,0.0,0.0,1651.0,1.0,0.0,2.0,0.0,3.0,1.0,3.0,7.0,3.0,1.0,1.0,1986.0,0.0,2.0,616.0,2.0,2.0,2.0,192.0,0.0,0.0,0.0,0.0,0.0,0.0,11.0,2008.0,6.0,3.0
165000.0,80.0,2.0,101.0,9150.0,0.0,3.0,0.0,10.0,2.0,0.0,0.0,4.0,6.0,5.0,1962.0,1962.0,0.0,3.0,5.0,7.0,1.0,305.0,2.0,2.0,1.0,2.0,2.0,1.0,2.0,371.0,5.0,0.0,728.0,1099.0,0.0,2.0,1.0,2.0,1431.0,0.0,0.0,1431.0,0.0,1.0,1.0,0.0,3.0,1.0,3.0,6.0,5.0,1.0,2.0,1962.0,1.0,1.0,296.0,2.0,2.0,2.0,64.0,110.0,0.0,0.0,0.0,0.0,0.0,12.0,2008.0,6.0,3.0
193500.0,20.0,2.0,65.0,8125.0,3.0,3.0,4.0,17.0,2.0,0.0,0.0,1.0,6.0,5.0,1994.0,1998.0,0.0,1.0,3.0,3.0,1.0,258.0,2.0,2.0,2.0,2.0,2.0,3.0,2.0,1138.0,5.0,0.0,270.0,1408.0,0.0,0.0,1.0,2.0,1679.0,0.0,0.0,1679.0,1.0,0.0,2.0,0.0,3.0,1.0,2.0,7.0,5.0,1.0,1.0,1994.0,1.0,2.0,575.0,2.0,2.0,2.0,224.0,42.0,0.0,0.0,0.0,0.0,0.0,10.0,2008.0,6.0,3.0
167900.0,20.0,2.0,80.0,9650.0,3.0,3.0,4.0,11.0,2.0,0.0,0.0,1.0,6.0,5.0,1977.0,1977.0,0.0,1.0,5.0,7.0,1.0,360.0,2.0,2.0,1.0,2.0,2.0,3.0,0.0,686.0,5.0,0.0,664.0,1350.0,0.0,3.0,1.0,2.0,1334.0,0.0,0.0,1334.0,0.0,1.0,2.0,0.0,2.0,1.0,3.0,6.0,5.0,1.0,1.0,1977.0,1.0,2.0,630.0,2.0,2.0,2.0,0.0,16.0,0.0,0.0,0.0,0.0,0.0,4.0,2009.0,6.0,3.0
200000.0,90.0,2.0,91.0,11643.0,3.0,3.0,4.0,10.0,0.0,0.0,2.0,2.0,5.0,5.0,1969.0,1969.0,0.0,1.0,4.0,5.0,1.0,368.0,2.0,2.0,1.0,3.0,2.0,3.0,3.0,500.0,5.0,0.0,748.0,1248.0,0.0,3.0,1.0,2.0,1338.0,1296.0,0.0,2634.0,1.0,1.0,2.0,2.0,6.0,2.0,3.0,12.0,5.0,0.0,5.0,1969.0,2.0,4.0,968.0,2.0,2.0,2.0,0.0,0.0,0.0,0.0,0.0,0.0,0.0,8.0,2009.0,6.0,3.0
283463.0,20.0,2.0,93.0,15306.0,0.0,1.0,0.0,20.0,2.0,0.0,0.0,1.0,8.0,5.0,2006.0,2007.0,0.0,1.0,7.0,9.0,2.0,100.0,1.0,2.0,2.0,0.0,2.0,1.0,2.0,80.0,5.0,0.0,1652.0,1732.0,0.0,0.0,1.0,2.0,1776.0,0.0,0.0,1776.0,1.0,0.0,2.0,0.0,3.0,1.0,2.0,7.0,5.0,1.0,1.0,2006.0,0.0,3.0,712.0,2.0,2.0,2.0,0.0,0.0,0.0,0.0,0.0,0.0,0.0,5.0,2007.0,5.0,4.0
143000.0,80.0,2.0,70.0,8163.0,3.0,3.0,4.0,10.0,2.0,0.0,0.0,4.0,5.0,6.0,1959.0,1959.0,0.0,1.0,3.0,3.0,1.0,128.0,2.0,1.0,1.0,3.0,2.0,0.0,0.0,748.0,1.0,294.0,102.0,1144.0,0.0,3.0,1.0,2.0,1144.0,0.0,0.0,1144.0,1.0,0.0,1.0,0.0,3.0,1.0,3.0,6.0,5.0,1.0,1.0,1959.0,1.0,1.0,796.0,2.0,2.0,2.0,86.0,0.0,0.0,0.0,0.0,0.0,0.0,3.0,2006.0,6.0,3.0
611657.0,20.0,2.0,100.0,12919.0,0.0,3.0,4.0,13.0,2.0,0.0,0.0,1.0,9.0,5.0,2009.0,2010.0,2.0,1.0,7.0,9.0,2.0,760.0,0.0,2.0,2.0,0.0,2.0,1.0,2.0,2188.0,5.0,0.0,142.0,2330.0,0.0,0.0,1.0,2.0,2364.0,0.0,0.0,2364.0,1.0,0.0,2.0,1.0,2.0,1.0,0.0,11.0,5.0,2.0,1.0,2009.0,0.0,3.0,820.0,2.0,2.0,2.0,0.0,67.0,0.0,0.0,0.0,0.0,0.0,3.0,2010.0,5.0,4.0
254000.0,120.0,2.0,48.0,6240.0,3.0,3.0,4.0,13.0,2.0,0.0,4.0,1.0,8.0,5.0,2006.0,2006.0,2.0,1.0,4.0,5.0,1.0,176.0,1.0,2.0,2.0,2.0,2.0,3.0,2.0,863.0,5.0,0.0,461.0,1324.0,0.0,0.0,1.0,2.0,1324.0,0.0,0.0,1324.0,1.0,0.0,2.0,0.0,2.0,1.0,2.0,6.0,5.0,1.0,1.0,2006.0,0.0,2.0,550.0,2.0,2.0,2.0,192.0,38.0,0.0,0.0,0.0,0.0,0.0,12.0,2009.0,6.0,3.0
312500.0,20.0,2.0,85.0,14331.0,3.0,3.0,4.0,20.0,2.0,0.0,0.0,1.0,8.0,5.0,2002.0,2002.0,2.0,1.0,7.0,9.0,1.0,630.0,1.0,2.0,2.0,0.0,2.0,1.0,2.0,1274.0,5.0,0.0,526.0,1800.0,0.0,0.0,1.0,2.0,1800.0,0.0,0.0,1800.0,1.0,0.0,2.0,0.0,3.0,1.0,2.0,7.0,5.0,1.0,1.0,2002.0,0.0,3.0,765.0,2.0,2.0,2.0,270.0,78.0,0.0,0.0,0.0,0.0,0.0,5.0,2006.0,6.0,3.0
167000.0,20.0,2.0,100.0,10004.0,3.0,3.0,4.0,10.0,2.0,0.0,0.0,1.0,6.0,6.0,1964.0,1964.0,0.0,1.0,3.0,7.0,1.0,180.0,2.0,2.0,1.0,3.0,2.0,3.0,4.0,196.0,1.0,345.0,975.0,1516.0,0.0,3.0,1.0,2.0,1516.0,0.0,0.0,1516.0,0.0,0.0,1.0,1.0,3.0,1.0,3.0,6.0,5.0,0.0,1.0,1964.0,1.0,2.0,472.0,2.0,2.0,2.0,0.0,0.0,0.0,0.0,152.0,0.0,0.0,2.0,2009.0,6.0,3.0
196500.0,60.0,2.0,80.0,10421.0,3.0,3.0,4.0,11.0,2.0,0.0,0.0,2.0,7.0,5.0,1988.0,1988.0,0.0,1.0,3.0,3.0,1.0,42.0,2.0,2.0,1.0,2.0,2.0,3.0,2.0,394.0,5.0,0.0,586.0,980.0,0.0,3.0,1.0,2.0,980.0,734.0,0.0,1714.0,0.0,0.0,2.0,1.0,3.0,1.0,3.0,7.0,5.0,1.0,1.0,1988.0,2.0,2.0,496.0,2.0,2.0,2.0,228.0,66.0,156.0,0.0,0.0,0.0,500.0,3.0,2010.0,6.0,3.0
319000.0,20.0,2.0,69.0,11302.0,0.0,3.0,4.0,19.0,2.0,0.0,0.0,1.0,8.0,5.0,2005.0,2006.0,0.0,1.0,7.0,6.0,1.0,238.0,1.0,2.0,2.0,2.0,2.0,1.0,2.0,1422.0,5.0,0.0,392.0,1814.0,0.0,0.0,1.0,2.0,1826.0,0.0,0.0,1826.0,1.0,0.0,2.0,0.0,3.0,1.0,2.0,7.0,5.0,1.0,1.0,2005.0,0.0,3.0,758.0,2.0,2.0,2.0,180.0,75.0,0.0,0.0,120.0,0.0,0.0,8.0,2006.0,5.0,4.0
186500.0,60.0,2.0,93.0,10261.0,0.0,3.0,4.0,7.0,2.0,0.0,0.0,2.0,6.0,5.0,2000.0,2000.0,0.0,1.0,7.0,9.0,1.0,318.0,2.0,2.0,2.0,2.0,2.0,3.0,5.0,0.0,5.0,0.0,936.0,936.0,0.0,0.0,1.0,2.0,962.0,830.0,0.0,1792.0,1.0,0.0,2.0,1.0,3.0,1.0,3.0,8.0,5.0,1.0,1.0,2000.0,0.0,2.0,451.0,2.0,2.0,2.0,0.0,0.0,0.0,0.0,0.0,0.0,0.0,5.0,2008.0,6.0,3.0
205000.0,20.0,2.0,118.0,13704.0,0.0,3.0,0.0,4.0,2.0,0.0,0.0,1.0,7.0,5.0,2001.0,2002.0,0.0,1.0,7.0,9.0,1.0,150.0,1.0,2.0,2.0,2.0,2.0,3.0,5.0,0.0,5.0,0.0,1541.0,1541.0,0.0,0.0,1.0,2.0,1541.0,0.0,0.0,1541.0,0.0,0.0,2.0,0.0,3.0,1.0,2.0,6.0,5.0,1.0,1.0,2001.0,1.0,3.0,843.0,2.0,2.0,2.0,468.0,81.0,0.0,0.0,0.0,0.0,0.0,1.0,2006.0,6.0,3.0
394617.0,20.0,2.0,96.0,12444.0,3.0,3.0,2.0,13.0,2.0,0.0,0.0,1.0,8.0,5.0,2008.0,2008.0,2.0,1.0,7.0,9.0,2.0,426.0,0.0,2.0,2.0,0.0,2.0,0.0,2.0,1336.0,5.0,0.0,596.0,1932.0,0.0,0.0,1.0,2.0,1932.0,0.0,0.0,1932.0,1.0,0.0,2.0,0.0,2.0,1.0,0.0,7.0,5.0,1.0,1.0,2008.0,0.0,3.0,774.0,2.0,2.0,2.0,0.0,66.0,0.0,304.0,0.0,0.0,0.0,11.0,2008.0,5.0,4.0
139000.0,20.0,2.0,80.0,9600.0,3.0,3.0,4.0,10.0,1.0,0.0,0.0,1.0,6.0,6.0,1958.0,1988.0,2.0,1.0,8.0,10.0,0.0,183.0,2.0,2.0,1.0,3.0,2.0,3.0,4.0,620.0,3.0,620.0,0.0,1240.0,0.0,2.0,1.0,2.0,1632.0,0.0,0.0,1632.0,1.0,0.0,2.0,0.0,3.0,1.0,3.0,6.0,2.0,1.0,1.0,1958.0,1.0,1.0,338.0,2.0,2.0,2.0,289.0,0.0,0.0,0.0,0.0,0.0,0.0,4.0,2009.0,6.0,3.0
220000.0,20.0,2.0,95.0,12182.0,3.0,3.0,0.0,13.0,2.0,0.0,0.0,1.0,7.0,5.0,2005.0,2005.0,0.0,1.0,7.0,9.0,1.0,226.0,1.0,2.0,2.0,2.0,2.0,2.0,1.0,1201.0,5.0,0.0,340.0,1541.0,0.0,0.0,1.0,2.0,1541.0,0.0,0.0,1541.0,0.0,0.0,2.0,0.0,3.0,1.0,2.0,7.0,5.0,1.0,1.0,2005.0,1.0,2.0,532.0,2.0,2.0,2.0,0.0,70.0,0.0,0.0,0.0,0.0,0.0,5.0,2010.0,5.0,4.0
230000.0,20.0,2.0,75.0,9742.0,3.0,3.0,4.0,4.0,2.0,0.0,0.0,1.0,8.0,5.0,2002.0,2002.0,2.0,1.0,7.0,9.0,1.0,281.0,1.0,2.0,2.0,2.0,2.0,3.0,5.0,0.0,5.0,0.0,1777.0,1777.0,0.0,0.0,1.0,2.0,1795.0,0.0,0.0,1795.0,0.0,0.0,2.0,0.0,3.0,1.0,2.0,7.0,5.0,1.0,1.0,2002.0,1.0,2.0,534.0,2.0,2.0,2.0,171.0,159.0,0.0,0.0,0.0,0.0,0.0,9.0,2008.0,6.0,3.0
143500.0,20.0,2.0,71.0,8197.0,3.0,3.0,4.0,16.0,2.0,0.0,0.0,1.0,6.0,5.0,1977.0,1977.0,0.0,1.0,5.0,7.0,1.0,148.0,2.0,2.0,1.0,3.0,2.0,3.0,5.0,0.0,5.0,0.0,660.0,660.0,0.0,0.0,1.0,2.0,1285.0,0.0,0.0,1285.0,0.0,0.0,1.0,1.0,3.0,1.0,3.0,7.0,5.0,1.0,1.0,1977.0,1.0,2.0,528.0,2.0,2.0,2.0,138.0,0.0,0.0,0.0,0.0,0.0,0.0,4.0,2007.0,6.0,3.0
145250.0,20.0,2.0,80.0,11600.0,3.0,3.0,4.0,10.0,2.0,0.0,0.0,1.0,6.0,5.0,1960.0,1960.0,2.0,1.0,8.0,10.0,1.0,175.0,2.0,2.0,1.0,3.0,2.0,3.0,4.0,565.0,5.0,0.0,818.0,1383.0,0.0,3.0,1.0,2.0,1383.0,0.0,0.0,1383.0,0.0,0.0,1.0,1.0,3.0,1.0,3.0,7.0,5.0,0.0,1.0,1960.0,1.0,1.0,292.0,2.0,2.0,2.0,0.0,45.0,0.0,0.0,0.0,0.0,0.0,4.0,2006.0,6.0,3.0
228500.0,60.0,2.0,82.0,11287.0,3.0,3.0,4.0,17.0,2.0,0.0,0.0,2.0,7.0,6.0,1989.0,1989.0,0.0,1.0,5.0,7.0,1.0,340.0,1.0,2.0,1.0,2.0,2.0,0.0,2.0,421.0,5.0,0.0,386.0,807.0,0.0,2.0,1.0,2.0,1175.0,807.0,0.0,1982.0,0.0,0.0,2.0,1.0,3.0,1.0,2.0,7.0,5.0,1.0,1.0,1989.0,0.0,2.0,575.0,2.0,2.0,2.0,0.0,84.0,0.0,196.0,0.0,0.0,0.0,1.0,2007.0,6.0,3.0
337000.0,60.0,2.0,82.0,9430.0,3.0,3.0,4.0,12.0,2.0,0.0,0.0,2.0,8.0,5.0,1999.0,1999.0,0.0,1.0,7.0,9.0,1.0,673.0,1.0,2.0,2.0,2.0,2.0,2.0,2.0,1163.0,5.0,0.0,89.0,1252.0,0.0,0.0,1.0,2.0,1268.0,1097.0,0.0,2365.0,1.0,0.0,2.0,1.0,3.0,1.0,2.0,8.0,5.0,1.0,1.0,1999.0,1.0,3.0,856.0,2.0,2.0,2.0,0.0,128.0,0.0,0.0,180.0,0.0,0.0,7.0,2009.0,6.0,3.0
135000.0,20.0,2.0,71.0,7064.0,3.0,3.0,4.0,16.0,2.0,0.0,0.0,1.0,5.0,6.0,1977.0,1977.0,0.0,1.0,5.0,7.0,1.0,153.0,2.0,2.0,1.0,3.0,2.0,3.0,1.0,560.0,5.0,0.0,420.0,980.0,0.0,3.0,1.0,2.0,980.0,0.0,0.0,980.0,0.0,0.0,1.0,0.0,3.0,1.0,3.0,6.0,5.0,0.0,5.0,1986.0,2.0,2.0,484.0,2.0,2.0,2.0,192.0,0.0,0.0,0.0,0.0,0.0,0.0,7.0,2009.0,6.0,3.0
181000.0,120.0,2.0,43.0,3182.0,3.0,3.0,4.0,0.0,2.0,0.0,4.0,1.0,7.0,5.0,2005.0,2006.0,0.0,1.0,7.0,9.0,1.0,16.0,1.0,2.0,2.0,2.0,2.0,3.0,2.0,16.0,5.0,0.0,1330.0,1346.0,0.0,0.0,1.0,2.0,1504.0,0.0,0.0,1504.0,0.0,0.0,2.0,0.0,1.0,1.0,2.0,7.0,5.0,1.0,1.0,2005.0,0.0,2.0,457.0,2.0,2.0,2.0,156.0,0.0,0.0,0.0,0.0,0.0,0.0,5.0,2009.0,6.0,3.0
125000.0,80.0,2.0,72.0,7200.0,3.0,3.0,4.0,6.0,2.0,0.0,0.0,4.0,6.0,6.0,1976.0,1976.0,2.0,1.0,4.0,5.0,1.0,255.0,2.0,2.0,1.0,3.0,2.0,0.0,0.0,631.0,5.0,0.0,410.0,1041.0,0.0,0.0,1.0,2.0,1125.0,0.0,0.0,1125.0,1.0,0.0,1.0,0.0,3.0,1.0,3.0,6.0,5.0,1.0,5.0,1977.0,2.0,1.0,352.0,2.0,2.0,2.0,296.0,0.0,0.0,0.0,0.0,0.0,0.0,10.0,2009.0,6.0,0.0
156000.0,20.0,2.0,79.0,10289.0,3.0,3.0,4.0,10.0,2.0,0.0,0.0,1.0,5.0,7.0,1965.0,1965.0,2.0,1.0,4.0,5.0,1.0,168.0,2.0,2.0,1.0,3.0,2.0,3.0,0.0,836.0,5.0,0.0,237.0,1073.0,0.0,3.0,1.0,2.0,1073.0,0.0,0.0,1073.0,1.0,0.0,1.0,1.0,3.0,1.0,3.0,6.0,5.0,0.0,1.0,1965.0,1.0,2.0,515.0,2.0,2.0,2.0,0.0,0.0,0.0,0.0,0.0,0.0,0.0,6.0,2007.0,6.0,3.0
140000.0,60.0,2.0,71.0,7056.0,3.0,3.0,4.0,10.0,2.0,0.0,0.0,2.0,6.0,5.0,1963.0,1963.0,2.0,1.0,3.0,3.0,1.0,415.0,2.0,2.0,1.0,3.0,2.0,3.0,1.0,400.0,5.0,0.0,380.0,780.0,0.0,3.0,1.0,2.0,983.0,813.0,0.0,1796.0,1.0,0.0,1.0,1.0,4.0,1.0,3.0,8.0,5.0,1.0,1.0,1963.0,1.0,2.0,483.0,2.0,2.0,2.0,0.0,50.0,0.0,0.0,0.0,0.0,0.0,10.0,2008.0,6.0,3.0
277500.0,120.0,2.0,60.0,7313.0,3.0,3.0,4.0,13.0,2.0,0.0,4.0,1.0,9.0,5.0,2005.0,2005.0,2.0,1.0,4.0,5.0,1.0,246.0,0.0,2.0,2.0,0.0,2.0,3.0,2.0,1153.0,5.0,0.0,408.0,1561.0,0.0,0.0,1.0,2.0,1561.0,0.0,0.0,1561.0,1.0,0.0,2.0,0.0,2.0,1.0,0.0,6.0,5.0,1.0,1.0,2005.0,0.0,2.0,556.0,2.0,2.0,2.0,203.0,47.0,0.0,0.0,0.0,0.0,0.0,8.0,2007.0,6.0,3.0
318061.0,120.0,2.0,68.0,7820.0,0.0,3.0,4.0,13.0,2.0,0.0,4.0,1.0,9.0,5.0,2007.0,2007.0,2.0,1.0,4.0,5.0,1.0,362.0,0.0,2.0,2.0,0.0,2.0,3.0,5.0,0.0,5.0,0.0,1869.0,1869.0,0.0,0.0,1.0,2.0,1869.0,0.0,0.0,1869.0,0.0,0.0,2.0,0.0,2.0,1.0,0.0,6.0,5.0,1.0,1.0,2007.0,1.0,2.0,617.0,2.0,2.0,2.0,210.0,54.0,0.0,0.0,0.0,0.0,0.0,12.0,2007.0,5.0,4.0
485000.0,60.0,2.0,104.0,13518.0,3.0,3.0,4.0,13.0,2.0,0.0,0.0,2.0,9.0,5.0,2008.0,2009.0,2.0,1.0,7.0,9.0,2.0,860.0,0.0,2.0,2.0,0.0,2.0,3.0,5.0,0.0,5.0,0.0,1926.0,1926.0,0.0,0.0,1.0,2.0,1966.0,1174.0,0.0,3140.0,0.0,0.0,3.0,1.0,4.0,1.0,0.0,11.0,5.0,2.0,3.0,2009.0,0.0,3.0,820.0,2.0,2.0,2.0,144.0,78.0,0.0,0.0,0.0,0.0,0.0,7.0,2009.0,5.0,4.0
240000.0,60.0,2.0,80.0,10000.0,3.0,3.0,4.0,4.0,2.0,0.0,0.0,2.0,8.0,5.0,1995.0,1996.0,0.0,1.0,7.0,9.0,1.0,438.0,1.0,2.0,2.0,2.0,2.0,3.0,2.0,1079.0,5.0,0.0,141.0,1220.0,0.0,0.0,1.0,2.0,1220.0,870.0,0.0,2090.0,1.0,0.0,2.0,1.0,3.0,1.0,2.0,8.0,5.0,1.0,1.0,1995.0,1.0,2.0,556.0,2.0,2.0,2.0,0.0,65.0,0.0,0.0,0.0,0.0,0.0,12.0,2007.0,6.0,3.0
538000.0,60.0,2.0,47.0,53504.0,1.0,1.0,1.0,19.0,2.0,0.0,0.0,2.0,8.0,5.0,2003.0,2003.0,2.0,1.0,2.0,11.0,1.0,603.0,0.0,2.0,2.0,2.0,2.0,1.0,0.0,1416.0,5.0,0.0,234.0,1650.0,0.0,0.0,1.0,2.0,1690.0,1589.0,0.0,3279.0,1.0,0.0,3.0,1.0,4.0,1.0,0.0,12.0,4.0,1.0,3.0,2003.0,0.0,3.0,841.0,2.0,2.0,2.0,503.0,36.0,0.0,0.0,210.0,0.0,0.0,6.0,2010.0,6.0,3.0
320000.0,20.0,2.0,84.0,11670.0,0.0,3.0,0.0,18.0,7.0,0.0,0.0,1.0,9.0,5.0,2006.0,2006.0,2.0,1.0,7.0,4.0,2.0,302.0,0.0,2.0,2.0,0.0,1.0,3.0,5.0,0.0,5.0,0.0,1905.0,1905.0,0.0,0.0,1.0,2.0,1905.0,0.0,0.0,1905.0,0.0,0.0,2.0,0.0,3.0,1.0,0.0,8.0,5.0,1.0,1.0,2006.0,0.0,3.0,788.0,2.0,2.0,2.0,0.0,191.0,0.0,0.0,0.0,0.0,0.0,3.0,2007.0,6.0,3.0
301500.0,20.0,2.0,91.0,14303.0,0.0,3.0,0.0,12.0,2.0,0.0,0.0,1.0,8.0,5.0,1994.0,1994.0,2.0,1.0,3.0,3.0,1.0,554.0,1.0,2.0,2.0,2.0,2.0,1.0,2.0,1314.0,5.0,0.0,672.0,1986.0,0.0,0.0,1.0,2.0,1987.0,0.0,0.0,1987.0,1.0,0.0,2.0,0.0,2.0,1.0,2.0,7.0,5.0,1.0,1.0,1994.0,0.0,2.0,691.0,2.0,2.0,2.0,262.0,36.0,0.0,0.0,0.0,0.0,0.0,8.0,2008.0,6.0,3.0
187500.0,80.0,2.0,73.0,9590.0,0.0,3.0,0.0,20.0,2.0,0.0,0.0,4.0,7.0,5.0,2003.0,2003.0,0.0,1.0,7.0,9.0,1.0,442.0,1.0,2.0,2.0,0.0,2.0,0.0,2.0,786.0,5.0,0.0,82.0,868.0,0.0,0.0,1.0,2.0,1146.0,0.0,0.0,1146.0,1.0,0.0,2.0,0.0,3.0,1.0,2.0,6.0,5.0,1.0,1.0,2003.0,0.0,2.0,438.0,2.0,2.0,2.0,160.0,22.0,0.0,0.0,0.0,0.0,0.0,5.0,2007.0,6.0,3.0
325000.0,20.0,2.0,108.0,13173.0,0.0,3.0,0.0,13.0,2.0,0.0,0.0,1.0,9.0,5.0,2006.0,2007.0,2.0,1.0,7.0,9.0,2.0,300.0,1.0,2.0,2.0,0.0,2.0,3.0,2.0,1572.0,5.0,0.0,80.0,1652.0,0.0,0.0,1.0,2.0,1652.0,0.0,0.0,1652.0,1.0,0.0,2.0,0.0,2.0,1.0,0.0,6.0,5.0,2.0,1.0,2006.0,0.0,2.0,840.0,2.0,2.0,2.0,404.0,102.0,0.0,0.0,0.0,0.0,0.0,11.0,2009.0,6.0,3.0
311872.0,20.0,2.0,79.0,9416.0,3.0,3.0,4.0,18.0,2.0,0.0,0.0,1.0,7.0,5.0,2007.0,2007.0,2.0,1.0,2.0,2.0,2.0,205.0,0.0,2.0,2.0,0.0,2.0,3.0,2.0,1126.0,5.0,0.0,600.0,1726.0,0.0,0.0,1.0,2.0,1726.0,0.0,0.0,1726.0,1.0,0.0,2.0,0.0,3.0,1.0,0.0,8.0,5.0,1.0,1.0,2007.0,0.0,3.0,786.0,2.0,2.0,2.0,171.0,138.0,0.0,0.0,266.0,0.0,0.0,9.0,2007.0,5.0,4.0
275000.0,60.0,2.0,74.0,10927.0,3.0,3.0,4.0,13.0,2.0,0.0,0.0,2.0,8.0,5.0,2005.0,2005.0,0.0,1.0,7.0,9.0,1.0,280.0,1.0,2.0,2.0,2.0,2.0,0.0,2.0,546.0,5.0,0.0,512.0,1058.0,0.0,0.0,1.0,2.0,1058.0,846.0,0.0,1904.0,1.0,0.0,2.0,1.0,3.0,1.0,0.0,8.0,5.0,1.0,3.0,2003.0,0.0,2.0,736.0,2.0,2.0,2.0,179.0,60.0,0.0,0.0,0.0,0.0,0.0,6.0,2006.0,6.0,3.0
214000.0,60.0,2.0,86.0,14598.0,0.0,3.0,1.0,18.0,1.0,0.0,0.0,2.0,6.0,5.0,2007.0,2007.0,0.0,1.0,7.0,9.0,2.0,74.0,1.0,2.0,2.0,2.0,2.0,2.0,5.0,0.0,5.0,0.0,894.0,894.0,0.0,0.0,1.0,2.0,894.0,1039.0,0.0,1933.0,0.0,0.0,2.0,1.0,4.0,1.0,2.0,9.0,5.0,1.0,3.0,2007.0,0.0,3.0,668.0,2.0,2.0,2.0,100.0,18.0,0.0,0.0,0.0,0.0,0.0,1.0,2008.0,6.0,3.0
240000.0,20.0,2.0,43.0,12118.0,0.0,3.0,1.0,9.0,2.0,0.0,0.0,1.0,7.0,5.0,2004.0,2005.0,2.0,1.0,7.0,9.0,2.0,108.0,1.0,2.0,2.0,0.0,2.0,2.0,5.0,0.0,5.0,0.0,1710.0,1710.0,0.0,0.0,1.0,2.0,1710.0,0.0,0.0,1710.0,0.0,0.0,2.0,0.0,3.0,1.0,2.0,7.0,5.0,1.0,1.0,2004.0,0.0,2.0,550.0,2.0,2.0,2.0,100.0,48.0,0.0,0.0,180.0,0.0,0.0,4.0,2009.0,6.0,3.0
281000.0,60.0,2.0,86.0,11065.0,0.0,3.0,4.0,13.0,2.0,0.0,0.0,2.0,8.0,5.0,2006.0,2006.0,0.0,1.0,7.0,9.0,2.0,788.0,1.0,2.0,2.0,2.0,2.0,2.0,5.0,0.0,5.0,0.0,1085.0,1085.0,0.0,0.0,1.0,2.0,1120.0,850.0,0.0,1970.0,0.0,0.0,2.0,1.0,3.0,1.0,0.0,8.0,5.0,1.0,3.0,2006.0,0.0,3.0,753.0,2.0,2.0,2.0,177.0,74.0,0.0,0.0,0.0,0.0,0.0,10.0,2006.0,5.0,4.0
380000.0,60.0,2.0,105.0,13693.0,3.0,3.0,4.0,13.0,2.0,0.0,0.0,2.0,9.0,5.0,2006.0,2006.0,2.0,1.0,7.0,9.0,1.0,772.0,0.0,2.0,2.0,2.0,2.0,0.0,5.0,0.0,5.0,0.0,2153.0,2153.0,0.0,0.0,1.0,2.0,2069.0,574.0,0.0,2643.0,0.0,0.0,2.0,1.0,3.0,1.0,0.0,9.0,5.0,1.0,3.0,2006.0,0.0,3.0,694.0,2.0,2.0,2.0,414.0,84.0,0.0,0.0,0.0,0.0,0.0,3.0,2007.0,6.0,3.0
139000.0,80.0,2.0,70.0,10500.0,3.0,3.0,2.0,10.0,2.0,0.0,0.0,4.0,5.0,7.0,1971.0,2005.0,1.0,1.0,4.0,1.0,1.0,82.0,2.0,2.0,1.0,3.0,2.0,0.0,0.0,349.0,5.0,0.0,23.0,372.0,0.0,3.0,1.0,2.0,576.0,533.0,0.0,1109.0,0.0,1.0,1.0,0.0,3.0,1.0,3.0,5.0,5.0,0.0,3.0,1971.0,2.0,1.0,288.0,2.0,2.0,2.0,35.0,0.0,0.0,0.0,0.0,0.0,0.0,12.0,2007.0,6.0,3.0
157000.0,190.0,2.0,90.0,15750.0,3.0,3.0,0.0,5.0,2.0,0.0,1.0,1.0,5.0,5.0,1953.0,1953.0,2.0,1.0,4.0,5.0,1.0,56.0,2.0,2.0,1.0,3.0,2.0,2.0,1.0,841.0,5.0,0.0,324.0,1165.0,0.0,3.0,1.0,2.0,1336.0,0.0,0.0,1336.0,1.0,0.0,1.0,0.0,2.0,1.0,3.0,5.0,5.0,2.0,1.0,1953.0,2.0,1.0,375.0,2.0,2.0,2.0,0.0,0.0,0.0,0.0,0.0,0.0,0.0,6.0,2006.0,6.0,3.0
262280.0,60.0,2.0,86.0,11839.0,3.0,3.0,4.0,17.0,2.0,0.0,0.0,2.0,7.0,5.0,1990.0,1990.0,2.0,1.0,3.0,3.0,1.0,99.0,2.0,2.0,2.0,2.0,2.0,3.0,2.0,1085.0,5.0,0.0,390.0,1475.0,0.0,0.0,1.0,2.0,1532.0,797.0,0.0,2329.0,1.0,0.0,2.0,1.0,4.0,1.0,2.0,10.0,5.0,1.0,1.0,1990.0,2.0,2.0,514.0,2.0,2.0,2.0,192.0,121.0,0.0,0.0,0.0,0.0,0.0,5.0,2008.0,6.0,3.0
180000.0,60.0,2.0,72.0,11317.0,3.0,3.0,4.0,4.0,2.0,0.0,0.0,2.0,7.0,5.0,2003.0,2003.0,0.0,1.0,7.0,9.0,1.0,101.0,1.0,2.0,2.0,2.0,2.0,3.0,5.0,0.0,5.0,0.0,840.0,840.0,0.0,0.0,1.0,2.0,840.0,828.0,0.0,1668.0,0.0,0.0,2.0,1.0,3.0,1.0,2.0,8.0,5.0,0.0,1.0,2003.0,1.0,2.0,500.0,2.0,2.0,2.0,144.0,68.0,0.0,0.0,0.0,0.0,0.0,9.0,2007.0,6.0,3.0
224000.0,120.0,2.0,44.0,6371.0,0.0,3.0,4.0,13.0,2.0,0.0,4.0,1.0,7.0,5.0,2009.0,2010.0,0.0,1.0,7.0,9.0,2.0,128.0,1.0,2.0,2.0,2.0,2.0,2.0,2.0,733.0,5.0,0.0,625.0,1358.0,0.0,0.0,1.0,2.0,1358.0,0.0,0.0,1358.0,1.0,0.0,2.0,0.0,2.0,1.0,2.0,6.0,5.0,1.0,1.0,2010.0,1.0,2.0,484.0,2.0,2.0,2.0,192.0,35.0,0.0,0.0,0.0,0.0,0.0,6.0,2010.0,5.0,4.0
130000.0,160.0,3.0,24.0,2522.0,3.0,3.0,4.0,6.0,2.0,0.0,3.0,2.0,7.0,5.0,2004.0,2004.0,0.0,1.0,7.0,9.0,2.0,50.0,1.0,2.0,2.0,2.0,2.0,3.0,5.0,0.0,5.0,0.0,970.0,970.0,0.0,0.0,1.0,2.0,970.0,739.0,0.0,1709.0,0.0,0.0,2.0,0.0,3.0,1.0,2.0,7.0,0.0,0.0,5.0,2004.0,2.0,2.0,380.0,2.0,2.0,2.0,0.0,40.0,0.0,0.0,0.0,0.0,0.0,5.0,2006.0,6.0,3.0
185000.0,60.0,2.0,76.0,9120.0,3.0,3.0,4.0,11.0,2.0,0.0,0.0,2.0,6.0,6.0,1974.0,1974.0,2.0,1.0,3.0,3.0,1.0,270.0,1.0,2.0,1.0,3.0,2.0,3.0,0.0,442.0,5.0,0.0,459.0,901.0,0.0,3.0,1.0,2.0,943.0,933.0,0.0,1876.0,0.0,0.0,2.0,1.0,4.0,1.0,2.0,8.0,5.0,1.0,1.0,1974.0,1.0,2.0,540.0,1.0,2.0,2.0,0.0,69.0,0.0,0.0,0.0,0.0,0.0,7.0,2008.0,6.0,3.0
325624.0,60.0,2.0,86.0,10562.0,3.0,3.0,4.0,13.0,2.0,0.0,0.0,2.0,8.0,5.0,2007.0,2007.0,0.0,1.0,7.0,9.0,2.0,300.0,1.0,2.0,2.0,0.0,2.0,3.0,2.0,1288.0,5.0,0.0,294.0,1582.0,0.0,0.0,1.0,2.0,1610.0,551.0,0.0,2161.0,1.0,0.0,1.0,1.0,3.0,1.0,0.0,8.0,5.0,1.0,1.0,2007.0,0.0,3.0,789.0,2.0,2.0,2.0,178.0,120.0,0.0,0.0,0.0,0.0,0.0,11.0,2007.0,5.0,4.0
263435.0,60.0,0.0,75.0,8004.0,0.0,3.0,4.0,18.0,5.0,0.0,0.0,2.0,8.0,5.0,2009.0,2009.0,0.0,1.0,7.0,9.0,2.0,110.0,1.0,2.0,2.0,2.0,2.0,3.0,2.0,544.0,5.0,0.0,288.0,832.0,0.0,0.0,1.0,2.0,832.0,1103.0,0.0,1935.0,1.0,0.0,2.0,1.0,3.0,1.0,3.0,8.0,5.0,0.0,3.0,2009.0,0.0,2.0,552.0,2.0,2.0,2.0,0.0,150.0,0.0,0.0,0.0,0.0,0.0,12.0,2009.0,5.0,4.0
280000.0,60.0,2.0,78.0,12011.0,0.0,3.0,1.0,12.0,2.0,0.0,0.0,2.0,8.0,5.0,1998.0,1998.0,0.0,1.0,7.0,9.0,1.0,530.0,1.0,2.0,2.0,2.0,2.0,0.0,2.0,956.0,5.0,0.0,130.0,1086.0,0.0,0.0,1.0,2.0,1086.0,838.0,0.0,1924.0,1.0,0.0,2.0,1.0,3.0,1.0,2.0,7.0,5.0,1.0,1.0,1998.0,1.0,2.0,592.0,2.0,2.0,2.0,208.0,75.0,0.0,0.0,374.0,0.0,0.0,6.0,2006.0,6.0,3.0
377500.0,20.0,2.0,42.0,14892.0,0.0,1.0,1.0,7.0,2.0,0.0,0.0,1.0,9.0,5.0,2006.0,2007.0,0.0,1.0,7.0,9.0,2.0,160.0,0.0,2.0,2.0,0.0,2.0,1.0,2.0,1320.0,5.0,0.0,426.0,1746.0,0.0,0.0,1.0,2.0,1746.0,0.0,0.0,1746.0,1.0,0.0,2.0,0.0,3.0,1.0,0.0,7.0,5.0,2.0,1.0,2006.0,0.0,3.0,758.0,2.0,2.0,2.0,201.0,39.0,0.0,0.0,0.0,0.0,0.0,10.0,2009.0,6.0,3.0
175000.0,60.0,2.0,90.0,11700.0,3.0,3.0,4.0,11.0,2.0,0.0,0.0,2.0,6.0,6.0,1968.0,1968.0,3.0,1.0,3.0,1.0,1.0,365.0,1.0,2.0,1.0,3.0,2.0,3.0,0.0,384.0,4.0,175.0,143.0,702.0,0.0,2.0,1.0,2.0,1041.0,702.0,0.0,1743.0,0.0,1.0,1.0,2.0,3.0,1.0,3.0,7.0,5.0,1.0,1.0,1968.0,2.0,2.0,539.0,2.0,2.0,2.0,224.0,0.0,0.0,0.0,0.0,0.0,0.0,6.0,2007.0,6.0,3.0
94750.0,20.0,2.0,73.0,10921.0,3.0,1.0,4.0,6.0,2.0,0.0,0.0,1.0,4.0,5.0,1965.0,1965.0,2.0,1.0,3.0,3.0,1.0,48.0,2.0,2.0,1.0,3.0,2.0,3.0,4.0,520.0,5.0,0.0,440.0,960.0,0.0,3.0,1.0,1.0,960.0,0.0,0.0,960.0,1.0,0.0,1.0,0.0,3.0,1.0,3.0,6.0,5.0,0.0,1.0,1965.0,0.0,1.0,432.0,2.0,2.0,1.0,120.0,0.0,0.0,0.0,0.0,0.0,0.0,5.0,2007.0,6.0,3.0
162000.0,120.0,3.0,32.0,4500.0,3.0,3.0,2.0,9.0,2.0,0.0,4.0,1.0,6.0,5.0,1998.0,1998.0,2.0,1.0,7.0,9.0,1.0,320.0,2.0,2.0,2.0,0.0,2.0,3.0,2.0,866.0,5.0,0.0,338.0,1204.0,0.0,0.0,1.0,2.0,1204.0,0.0,0.0,1204.0,1.0,0.0,2.0,0.0,2.0,1.0,3.0,5.0,5.0,0.0,1.0,1998.0,0.0,2.0,412.0,2.0,2.0,2.0,0.0,247.0,0.0,0.0,0.0,0.0,0.0,6.0,2009.0,6.0,3.0
410000.0,50.0,2.0,56.0,14720.0,0.0,3.0,1.0,12.0,2.0,0.0,0.0,0.0,8.0,5.0,1995.0,1996.0,2.0,1.0,7.0,9.0,1.0,579.0,1.0,2.0,2.0,2.0,2.0,0.0,2.0,816.0,5.0,0.0,1217.0,2033.0,0.0,0.0,1.0,2.0,2053.0,1185.0,0.0,3238.0,1.0,0.0,2.0,1.0,4.0,1.0,2.0,9.0,5.0,1.0,1.0,1996.0,0.0,3.0,666.0,2.0,2.0,2.0,283.0,86.0,0.0,0.0,0.0,0.0,0.0,3.0,2010.0,6.0,3.0
135000.0,90.0,2.0,78.0,10530.0,3.0,3.0,4.0,9.0,2.0,0.0,2.0,3.0,6.0,5.0,1977.0,1977.0,0.0,1.0,5.0,4.0,1.0,90.0,2.0,2.0,1.0,2.0,2.0,1.0,2.0,975.0,5.0,0.0,0.0,975.0,0.0,3.0,1.0,2.0,1004.0,0.0,0.0,1004.0,1.0,0.0,1.0,0.0,2.0,1.0,3.0,4.0,5.0,0.0,1.0,1977.0,2.0,2.0,504.0,2.0,2.0,2.0,0.0,0.0,0.0,0.0,0.0,0.0,0.0,5.0,2006.0,6.0,3.0
160000.0,160.0,0.0,24.0,2160.0,3.0,3.0,4.0,18.0,2.0,0.0,3.0,2.0,7.0,5.0,1999.0,2000.0,0.0,1.0,4.0,5.0,1.0,212.0,1.0,2.0,2.0,2.0,2.0,3.0,1.0,510.0,5.0,0.0,90.0,600.0,0.0,0.0,1.0,2.0,624.0,628.0,0.0,1252.0,1.0,0.0,2.0,1.0,2.0,1.0,2.0,4.0,5.0,0.0,5.0,1999.0,2.0,2.0,462.0,2.0,2.0,2.0,0.0,48.0,0.0,0.0,0.0,0.0,0.0,3.0,2008.0,6.0,3.0
345000.0,60.0,2.0,85.0,11924.0,0.0,3.0,4.0,13.0,2.0,0.0,0.0,2.0,9.0,5.0,2005.0,2006.0,2.0,1.0,9.0,11.0,2.0,286.0,0.0,2.0,2.0,0.0,2.0,3.0,2.0,998.0,5.0,0.0,177.0,1175.0,0.0,0.0,1.0,2.0,1182.0,1142.0,0.0,2324.0,1.0,0.0,3.0,0.0,4.0,1.0,0.0,11.0,5.0,2.0,3.0,2005.0,0.0,3.0,736.0,2.0,2.0,2.0,147.0,21.0,0.0,0.0,0.0,0.0,0.0,7.0,2006.0,5.0,4.0
130000.0,160.0,3.0,24.0,2522.0,3.0,3.0,4.0,6.0,2.0,0.0,3.0,2.0,6.0,5.0,2004.0,2006.0,0.0,1.0,7.0,9.0,2.0,50.0,1.0,2.0,2.0,2.0,2.0,3.0,5.0,0.0,5.0,0.0,970.0,970.0,0.0,0.0,1.0,2.0,970.0,739.0,0.0,1709.0,0.0,0.0,2.0,0.0,3.0,1.0,2.0,7.0,0.0,0.0,5.0,2004.0,2.0,2.0,380.0,2.0,2.0,2.0,0.0,40.0,0.0,0.0,0.0,0.0,0.0,4.0,2006.0,6.0,3.0
148000.0,180.0,3.0,35.0,3675.0,3.0,3.0,4.0,6.0,2.0,0.0,4.0,4.0,6.0,5.0,2005.0,2005.0,0.0,1.0,7.0,9.0,1.0,80.0,2.0,2.0,2.0,2.0,2.0,1.0,2.0,459.0,5.0,0.0,88.0,547.0,0.0,0.0,1.0,2.0,1072.0,0.0,0.0,1072.0,1.0,0.0,1.0,0.0,2.0,1.0,3.0,5.0,5.0,0.0,2.0,2005.0,1.0,2.0,525.0,2.0,2.0,2.0,0.0,28.0,0.0,0.0,0.0,0.0,0.0,6.0,2008.0,6.0,3.0
118000.0,160.0,3.0,21.0,1680.0,3.0,3.0,4.0,1.0,2.0,0.0,3.0,2.0,6.0,7.0,1972.0,1972.0,0.0,1.0,3.0,3.0,1.0,281.0,2.0,2.0,1.0,3.0,2.0,3.0,1.0,317.0,5.0,0.0,355.0,672.0,0.0,2.0,1.0,2.0,672.0,546.0,0.0,1218.0,0.0,1.0,1.0,1.0,3.0,1.0,3.0,7.0,5.0,0.0,5.0,1972.0,2.0,1.0,264.0,2.0,2.0,2.0,0.0,28.0,0.0,0.0,0.0,0.0,0.0,5.0,2006.0,6.0,3.0
224900.0,20.0,2.0,48.0,12137.0,1.0,3.0,1.0,4.0,2.0,0.0,0.0,1.0,7.0,5.0,1998.0,1998.0,0.0,1.0,7.0,9.0,1.0,442.0,2.0,2.0,2.0,2.0,2.0,3.0,5.0,0.0,5.0,0.0,1649.0,1649.0,0.0,0.0,1.0,2.0,1661.0,0.0,0.0,1661.0,0.0,0.0,2.0,0.0,3.0,1.0,2.0,6.0,5.0,0.0,1.0,1998.0,1.0,2.0,598.0,2.0,2.0,2.0,0.0,34.0,0.0,0.0,0.0,0.0,0.0,5.0,2010.0,6.0,3.0
195400.0,20.0,2.0,64.0,6762.0,3.0,3.0,4.0,4.0,2.0,0.0,0.0,1.0,7.0,5.0,2007.0,2007.0,0.0,1.0,7.0,9.0,1.0,108.0,1.0,2.0,2.0,2.0,2.0,3.0,2.0,664.0,5.0,0.0,544.0,1208.0,0.0,0.0,1.0,2.0,1208.0,0.0,0.0,1208.0,1.0,0.0,2.0,0.0,2.0,1.0,2.0,6.0,5.0,0.0,1.0,2007.0,1.0,2.0,628.0,2.0,2.0,2.0,105.0,54.0,0.0,0.0,0.0,0.0,0.0,9.0,2007.0,5.0,4.0
160200.0,120.0,2.0,43.0,3182.0,3.0,3.0,4.0,0.0,2.0,0.0,4.0,1.0,7.0,5.0,2005.0,2006.0,0.0,1.0,7.0,9.0,1.0,11.0,1.0,2.0,2.0,2.0,2.0,3.0,2.0,16.0,5.0,0.0,1129.0,1145.0,0.0,0.0,1.0,2.0,1145.0,0.0,0.0,1145.0,0.0,0.0,2.0,0.0,2.0,1.0,2.0,5.0,5.0,1.0,1.0,2005.0,0.0,2.0,397.0,2.0,2.0,2.0,100.0,16.0,0.0,0.0,0.0,0.0,0.0,9.0,2009.0,6.0,3.0
325300.0,60.0,2.0,101.0,14215.0,0.0,3.0,0.0,13.0,2.0,0.0,0.0,2.0,8.0,5.0,2005.0,2006.0,0.0,1.0,7.0,9.0,1.0,380.0,1.0,2.0,2.0,0.0,2.0,0.0,5.0,0.0,5.0,0.0,1158.0,1158.0,0.0,0.0,1.0,2.0,1158.0,1218.0,0.0,2376.0,0.0,0.0,3.0,1.0,4.0,1.0,2.0,9.0,5.0,1.0,3.0,2005.0,1.0,3.0,853.0,2.0,2.0,2.0,240.0,154.0,0.0,0.0,0.0,0.0,0.0,11.0,2006.0,5.0,4.0
106000.0,160.0,3.0,21.0,1869.0,3.0,3.0,4.0,1.0,2.0,0.0,3.0,2.0,6.0,6.0,1970.0,1970.0,0.0,1.0,3.0,3.0,1.0,127.0,2.0,2.0,1.0,3.0,2.0,3.0,4.0,321.0,5.0,0.0,162.0,483.0,0.0,3.0,1.0,2.0,483.0,504.0,0.0,987.0,0.0,0.0,1.0,1.0,2.0,1.0,3.0,5.0,5.0,0.0,5.0,1987.0,2.0,1.0,280.0,2.0,2.0,2.0,0.0,0.0,0.0,0.0,0.0,0.0,0.0,9.0,2008.0,6.0,3.0
171000.0,90.0,2.0,82.0,11070.0,3.0,3.0,4.0,9.0,2.0,0.0,2.0,1.0,7.0,5.0,1988.0,1989.0,0.0,1.0,7.0,9.0,1.0,70.0,2.0,2.0,1.0,3.0,2.0,3.0,5.0,0.0,5.0,0.0,1907.0,1907.0,0.0,2.0,1.0,2.0,1959.0,0.0,0.0,1959.0,0.0,0.0,3.0,0.0,5.0,2.0,3.0,9.0,5.0,0.0,0.0,1989.0,2.0,3.0,766.0,2.0,2.0,2.0,0.0,0.0,0.0,0.0,0.0,0.0,0.0,7.0,2006.0,6.0,2.0
122500.0,160.0,3.0,24.0,1920.0,3.0,3.0,4.0,1.0,2.0,0.0,4.0,2.0,5.0,5.0,1971.0,1971.0,0.0,1.0,3.0,3.0,1.0,376.0,2.0,2.0,1.0,3.0,2.0,3.0,0.0,471.0,5.0,0.0,294.0,765.0,0.0,0.0,1.0,2.0,765.0,600.0,0.0,1365.0,1.0,0.0,1.0,1.0,2.0,1.0,3.0,6.0,2.0,0.0,5.0,1971.0,2.0,2.0,440.0,2.0,2.0,2.0,240.0,36.0,0.0,0.0,0.0,0.0,0.0,8.0,2007.0,6.0,3.0
350000.0,20.0,2.0,91.0,10437.0,0.0,3.0,4.0,12.0,2.0,0.0,0.0,1.0,8.0,6.0,1995.0,1995.0,2.0,1.0,4.0,5.0,1.0,660.0,1.0,1.0,2.0,2.0,2.0,1.0,2.0,1696.0,5.0,0.0,413.0,2109.0,0.0,0.0,1.0,2.0,2113.0,0.0,0.0,2113.0,1.0,0.0,2.0,1.0,2.0,1.0,2.0,7.0,5.0,1.0,1.0,1995.0,0.0,3.0,839.0,2.0,2.0,2.0,236.0,46.0,0.0,0.0,0.0,0.0,0.0,8.0,2008.0,6.0,3.0
290000.0,60.0,2.0,65.0,12257.0,0.0,3.0,4.0,12.0,2.0,0.0,0.0,2.0,8.0,5.0,1995.0,1995.0,0.0,1.0,7.0,9.0,1.0,513.0,1.0,2.0,2.0,2.0,2.0,0.0,3.0,56.0,0.0,64.0,1198.0,1318.0,0.0,0.0,1.0,2.0,1328.0,1203.0,0.0,2531.0,0.0,0.0,2.0,1.0,4.0,1.0,2.0,9.0,5.0,1.0,1.0,1995.0,1.0,3.0,752.0,2.0,2.0,2.0,222.0,98.0,0.0,0.0,0.0,0.0,0.0,11.0,2007.0,6.0,3.0
354000.0,60.0,2.0,99.0,12099.0,0.0,3.0,4.0,13.0,2.0,0.0,0.0,2.0,8.0,5.0,2004.0,2004.0,0.0,1.0,7.0,9.0,1.0,388.0,1.0,2.0,2.0,0.0,2.0,0.0,2.0,970.0,5.0,0.0,166.0,1136.0,0.0,0.0,1.0,2.0,1136.0,1332.0,0.0,2468.0,1.0,0.0,2.0,1.0,4.0,1.0,2.0,10.0,5.0,1.0,3.0,2004.0,0.0,3.0,872.0,2.0,2.0,2.0,184.0,154.0,0.0,0.0,0.0,0.0,0.0,6.0,2007.0,6.0,3.0
555000.0,20.0,2.0,105.0,15431.0,3.0,3.0,4.0,13.0,2.0,0.0,0.0,1.0,10.0,5.0,2008.0,2008.0,2.0,1.0,7.0,9.0,2.0,200.0,0.0,2.0,2.0,0.0,2.0,1.0,2.0,1767.0,0.0,539.0,788.0,3094.0,0.0,0.0,1.0,2.0,2402.0,0.0,0.0,2402.0,1.0,0.0,2.0,0.0,2.0,1.0,0.0,10.0,5.0,2.0,1.0,2008.0,0.0,3.0,672.0,2.0,2.0,2.0,0.0,72.0,0.0,0.0,170.0,0.0,0.0,4.0,2009.0,6.0,3.0
143000.0,50.0,2.0,78.0,10496.0,3.0,3.0,4.0,10.0,0.0,0.0,0.0,0.0,6.0,6.0,1949.0,1950.0,0.0,1.0,8.0,10.0,1.0,320.0,2.0,2.0,1.0,3.0,2.0,2.0,4.0,196.0,5.0,0.0,844.0,1040.0,0.0,0.0,1.0,2.0,1168.0,678.0,0.0,1846.0,0.0,0.0,2.0,0.0,3.0,1.0,3.0,7.0,5.0,1.0,1.0,1949.0,2.0,1.0,315.0,2.0,2.0,2.0,0.0,0.0,0.0,0.0,0.0,0.0,0.0,1.0,2007.0,6.0,3.0
133000.0,120.0,1.0,34.0,4058.0,3.0,3.0,4.0,10.0,2.0,0.0,4.0,3.0,7.0,5.0,1998.0,1998.0,0.0,1.0,4.0,5.0,1.0,182.0,2.0,2.0,2.0,2.0,2.0,0.0,2.0,584.0,3.0,139.0,0.0,723.0,0.0,0.0,1.0,2.0,767.0,0.0,0.0,767.0,1.0,0.0,1.0,0.0,1.0,1.0,3.0,4.0,5.0,0.0,1.0,1998.0,0.0,1.0,367.0,2.0,2.0,2.0,120.0,40.0,0.0,0.0,0.0,0.0,0.0,6.0,2007.0,6.0,3.0
264132.0,20.0,2.0,75.0,14587.0,0.0,3.0,4.0,18.0,2.0,0.0,0.0,1.0,9.0,5.0,2008.0,2008.0,0.0,1.0,7.0,9.0,2.0,284.0,1.0,2.0,2.0,2.0,2.0,3.0,5.0,0.0,5.0,0.0,1498.0,1498.0,0.0,0.0,1.0,2.0,1506.0,0.0,0.0,1506.0,0.0,0.0,2.0,0.0,2.0,1.0,0.0,6.0,5.0,1.0,1.0,2008.0,0.0,2.0,592.0,2.0,2.0,2.0,0.0,174.0,0.0,0.0,0.0,0.0,0.0,8.0,2008.0,5.0,4.0
297000.0,20.0,2.0,79.0,10637.0,3.0,3.0,4.0,4.0,2.0,0.0,0.0,1.0,8.0,5.0,2007.0,2008.0,2.0,1.0,7.0,9.0,2.0,336.0,1.0,2.0,2.0,0.0,2.0,1.0,2.0,1288.0,5.0,0.0,417.0,1705.0,0.0,0.0,1.0,2.0,1718.0,0.0,0.0,1718.0,1.0,0.0,2.0,0.0,3.0,1.0,2.0,7.0,5.0,1.0,1.0,2007.0,1.0,3.0,826.0,2.0,2.0,2.0,208.0,44.0,0.0,0.0,0.0,0.0,0.0,9.0,2009.0,6.0,3.0
210000.0,20.0,2.0,65.0,8450.0,3.0,3.0,4.0,4.0,2.0,0.0,0.0,1.0,7.0,5.0,2004.0,2004.0,0.0,1.0,7.0,9.0,1.0,266.0,1.0,2.0,2.0,2.0,2.0,2.0,2.0,946.0,5.0,0.0,490.0,1436.0,0.0,0.0,1.0,2.0,1436.0,0.0,0.0,1436.0,1.0,0.0,2.0,0.0,3.0,1.0,2.0,8.0,5.0,0.0,1.0,2004.0,2.0,2.0,484.0,2.0,2.0,2.0,139.0,98.0,0.0,0.0,0.0,0.0,0.0,4.0,2008.0,6.0,3.0
197000.0,60.0,2.0,80.0,11584.0,3.0,3.0,4.0,11.0,2.0,0.0,0.0,4.0,7.0,6.0,1979.0,1979.0,2.0,1.0,3.0,3.0,1.0,96.0,2.0,2.0,1.0,3.0,2.0,3.0,2.0,315.0,4.0,110.0,114.0,539.0,0.0,3.0,1.0,2.0,1040.0,685.0,0.0,1725.0,0.0,0.0,2.0,1.0,3.0,1.0,3.0,6.0,5.0,1.0,1.0,1979.0,1.0,2.0,550.0,2.0,2.0,2.0,0.0,88.0,216.0,0.0,0.0,0.0,0.0,11.0,2007.0,6.0,3.0
755000.0,60.0,2.0,104.0,21535.0,0.0,3.0,0.0,12.0,2.0,0.0,0.0,2.0,10.0,6.0,1994.0,1995.0,0.0,5.0,3.0,3.0,1.0,1170.0,0.0,2.0,2.0,0.0,2.0,1.0,2.0,1455.0,5.0,0.0,989.0,2444.0,0.0,0.0,1.0,2.0,2444.0,1872.0,0.0,4316.0,0.0,1.0,3.0,1.0,4.0,1.0,0.0,10.0,5.0,2.0,1.0,1994.0,0.0,3.0,832.0,2.0,2.0,2.0,382.0,50.0,0.0,0.0,0.0,0.0,0.0,1.0,2007.0,6.0,3.0
255500.0,20.0,2.0,87.0,11146.0,0.0,3.0,4.0,13.0,2.0,0.0,0.0,1.0,8.0,5.0,2006.0,2006.0,0.0,1.0,7.0,9.0,2.0,250.0,1.0,2.0,2.0,0.0,2.0,0.0,5.0,0.0,5.0,0.0,1709.0,1709.0,0.0,0.0,1.0,2.0,1717.0,0.0,0.0,1717.0,0.0,0.0,2.0,0.0,3.0,1.0,2.0,7.0,5.0,1.0,1.0,2006.0,1.0,3.0,908.0,2.0,2.0,2.0,169.0,39.0,0.0,0.0,0.0,0.0,0.0,7.0,2009.0,6.0,3.0
233170.0,20.0,2.0,79.0,9541.0,0.0,3.0,4.0,13.0,2.0,0.0,0.0,1.0,7.0,5.0,2009.0,2009.0,0.0,1.0,7.0,9.0,2.0,268.0,1.0,2.0,2.0,2.0,2.0,3.0,5.0,0.0,5.0,0.0,1502.0,1502.0,0.0,0.0,1.0,2.0,1502.0,0.0,0.0,1502.0,0.0,0.0,2.0,0.0,3.0,1.0,2.0,7.0,5.0,0.0,1.0,2009.0,1.0,2.0,644.0,2.0,2.0,2.0,0.0,114.0,0.0,0.0,0.0,0.0,0.0,9.0,2009.0,5.0,4.0
230500.0,60.0,2.0,106.0,11194.0,0.0,3.0,0.0,7.0,2.0,0.0,0.0,2.0,8.0,5.0,2000.0,2000.0,0.0,1.0,7.0,9.0,1.0,40.0,1.0,2.0,2.0,2.0,2.0,3.0,5.0,0.0,5.0,0.0,1406.0,1406.0,0.0,0.0,1.0,2.0,1454.0,482.0,0.0,1936.0,0.0,0.0,2.0,1.0,3.0,1.0,2.0,7.0,5.0,1.0,1.0,2000.0,1.0,2.0,504.0,2.0,2.0,2.0,188.0,124.0,0.0,0.0,0.0,0.0,0.0,11.0,2006.0,6.0,3.0
190000.0,20.0,2.0,105.0,11751.0,0.0,3.0,4.0,11.0,2.0,0.0,0.0,1.0,6.0,6.0,1977.0,1977.0,2.0,1.0,5.0,7.0,1.0,480.0,2.0,2.0,1.0,2.0,2.0,3.0,1.0,705.0,5.0,0.0,1139.0,1844.0,0.0,0.0,1.0,2.0,1844.0,0.0,0.0,1844.0,0.0,0.0,2.0,0.0,3.0,1.0,3.0,7.0,5.0,1.0,1.0,1977.0,1.0,2.0,546.0,2.0,2.0,2.0,0.0,122.0,0.0,0.0,0.0,0.0,0.0,1.0,2010.0,0.0,3.0
335000.0,60.0,2.0,42.0,26178.0,0.0,3.0,4.0,20.0,2.0,0.0,0.0,2.0,7.0,5.0,1989.0,1990.0,2.0,1.0,4.0,5.0,1.0,293.0,1.0,2.0,2.0,2.0,2.0,1.0,2.0,965.0,5.0,0.0,245.0,1210.0,0.0,0.0,1.0,2.0,1238.0,1281.0,0.0,2519.0,1.0,0.0,2.0,1.0,4.0,1.0,2.0,9.0,5.0,2.0,1.0,1989.0,1.0,2.0,628.0,2.0,2.0,2.0,320.0,27.0,0.0,0.0,0.0,0.0,0.0,4.0,2006.0,6.0,3.0
239000.0,60.0,0.0,66.0,7399.0,0.0,3.0,4.0,18.0,2.0,0.0,0.0,2.0,7.0,5.0,1997.0,1998.0,2.0,1.0,7.0,9.0,1.0,1600.0,1.0,2.0,2.0,2.0,2.0,3.0,1.0,649.0,5.0,0.0,326.0,975.0,0.0,0.0,1.0,2.0,975.0,975.0,0.0,1950.0,0.0,0.0,2.0,1.0,3.0,1.0,2.0,7.0,5.0,1.0,5.0,1997.0,1.0,2.0,576.0,2.0,2.0,2.0,0.0,10.0,0.0,0.0,198.0,0.0,0.0,6.0,2007.0,6.0,3.0
215000.0,20.0,2.0,141.0,31770.0,0.0,3.0,0.0,10.0,2.0,0.0,0.0,1.0,6.0,5.0,1960.0,1960.0,2.0,1.0,1.0,7.0,2.0,112.0,2.0,2.0,1.0,3.0,1.0,1.0,1.0,639.0,5.0,0.0,441.0,1080.0,0.0,1.0,1.0,2.0,1656.0,0.0,0.0,1656.0,1.0,0.0,1.0,0.0,3.0,1.0,3.0,7.0,5.0,2.0,1.0,1960.0,0.0,2.0,528.0,2.0,2.0,1.0,210.0,62.0,0.0,0.0,0.0,0.0,0.0,5.0,2010.0,6.0,3.0
187000.0,60.0,2.0,76.0,9291.0,0.0,3.0,0.0,17.0,6.0,0.0,0.0,2.0,6.0,5.0,1993.0,1993.0,0.0,1.0,3.0,3.0,1.0,120.0,1.0,2.0,2.0,2.0,2.0,3.0,2.0,426.0,5.0,0.0,406.0,832.0,0.0,0.0,1.0,2.0,832.0,878.0,0.0,1710.0,0.0,0.0,2.0,1.0,3.0,1.0,2.0,7.0,5.0,0.0,1.0,1993.0,1.0,2.0,506.0,2.0,2.0,2.0,144.0,70.0,0.0,0.0,0.0,0.0,0.0,6.0,2008.0,6.0,3.0
336000.0,60.0,2.0,98.0,12203.0,0.0,3.0,0.0,12.0,2.0,0.0,0.0,2.0,8.0,5.0,1998.0,1999.0,2.0,1.0,7.0,9.0,1.0,975.0,1.0,2.0,2.0,2.0,2.0,3.0,2.0,854.0,5.0,0.0,371.0,1225.0,0.0,0.0,1.0,2.0,1276.0,1336.0,0.0,2612.0,1.0,0.0,2.0,1.0,4.0,1.0,2.0,8.0,5.0,1.0,1.0,1998.0,0.0,3.0,676.0,2.0,2.0,2.0,250.0,0.0,0.0,0.0,0.0,0.0,0.0,7.0,2009.0,6.0,3.0
207000.0,120.0,3.0,59.0,8198.0,3.0,3.0,3.0,13.0,2.0,0.0,4.0,1.0,7.0,5.0,2004.0,2004.0,0.0,1.0,7.0,9.0,2.0,146.0,1.0,2.0,2.0,2.0,2.0,0.0,2.0,720.0,5.0,0.0,638.0,1358.0,0.0,0.0,1.0,2.0,1358.0,0.0,0.0,1358.0,1.0,0.0,2.0,0.0,2.0,1.0,2.0,6.0,5.0,1.0,1.0,2004.0,1.0,2.0,484.0,2.0,2.0,2.0,192.0,30.0,0.0,0.0,0.0,0.0,0.0,7.0,2008.0,6.0,3.0
194500.0,20.0,2.0,64.0,7314.0,3.0,3.0,4.0,4.0,2.0,0.0,0.0,1.0,7.0,5.0,2007.0,2007.0,0.0,1.0,7.0,9.0,2.0,82.0,1.0,2.0,2.0,2.0,2.0,0.0,2.0,724.0,5.0,0.0,508.0,1232.0,0.0,0.0,1.0,2.0,1232.0,0.0,0.0,1232.0,1.0,0.0,2.0,0.0,2.0,1.0,2.0,6.0,5.0,0.0,1.0,2007.0,1.0,2.0,632.0,2.0,2.0,2.0,132.0,0.0,0.0,0.0,0.0,0.0,0.0,2.0,2009.0,6.0,3.0
185850.0,120.0,2.0,43.0,7052.0,0.0,3.0,4.0,13.0,2.0,0.0,4.0,1.0,7.0,5.0,2005.0,2005.0,0.0,1.0,7.0,9.0,2.0,240.0,1.0,2.0,2.0,2.0,2.0,0.0,2.0,659.0,5.0,0.0,705.0,1364.0,0.0,0.0,1.0,2.0,1364.0,0.0,0.0,1364.0,1.0,0.0,2.0,0.0,2.0,1.0,2.0,6.0,5.0,1.0,1.0,2005.0,1.0,2.0,484.0,2.0,2.0,2.0,192.0,36.0,0.0,0.0,0.0,0.0,0.0,6.0,2006.0,6.0,3.0
221000.0,60.0,2.0,58.0,16770.0,1.0,3.0,1.0,12.0,2.0,0.0,0.0,2.0,7.0,5.0,1998.0,1998.0,0.0,1.0,7.0,9.0,1.0,30.0,1.0,2.0,2.0,2.0,2.0,3.0,5.0,0.0,5.0,0.0,1195.0,1195.0,0.0,2.0,1.0,2.0,1195.0,644.0,0.0,1839.0,0.0,0.0,2.0,1.0,4.0,1.0,3.0,7.0,5.0,0.0,1.0,1998.0,0.0,2.0,486.0,2.0,2.0,2.0,0.0,81.0,0.0,0.0,0.0,0.0,0.0,6.0,2010.0,6.0,3.0
135000.0,20.0,2.0,72.0,10152.0,3.0,3.0,4.0,10.0,2.0,0.0,0.0,1.0,5.0,5.0,1956.0,1956.0,2.0,1.0,4.0,5.0,1.0,120.0,2.0,2.0,1.0,3.0,2.0,3.0,1.0,586.0,5.0,0.0,462.0,1048.0,0.0,3.0,1.0,2.0,1048.0,0.0,0.0,1048.0,1.0,0.0,1.0,0.0,3.0,1.0,3.0,6.0,5.0,0.0,1.0,1956.0,2.0,1.0,286.0,2.0,2.0,2.0,0.0,20.0,0.0,0.0,192.0,0.0,0.0,6.0,2007.0,6.0,3.0
187500.0,50.0,2.0,44.0,13758.0,0.0,3.0,1.0,20.0,2.0,0.0,0.0,0.0,7.0,5.0,1990.0,1991.0,0.0,1.0,3.0,3.0,1.0,117.0,1.0,1.0,1.0,2.0,2.0,2.0,3.0,902.0,5.0,0.0,254.0,1156.0,0.0,0.0,1.0,2.0,1187.0,530.0,0.0,1717.0,0.0,0.0,2.0,1.0,3.0,1.0,2.0,7.0,5.0,1.0,1.0,1990.0,1.0,2.0,400.0,2.0,2.0,2.0,168.0,36.0,0.0,0.0,0.0,0.0,0.0,4.0,2007.0,6.0,3.0
271900.0,20.0,2.0,90.0,14684.0,0.0,3.0,1.0,17.0,2.0,0.0,0.0,1.0,7.0,7.0,1990.0,1991.0,2.0,1.0,3.0,3.0,1.0,234.0,1.0,2.0,1.0,2.0,2.0,2.0,0.0,485.0,1.0,177.0,1496.0,2158.0,0.0,2.0,1.0,2.0,2196.0,0.0,0.0,2196.0,0.0,0.0,2.0,0.0,3.0,1.0,2.0,7.0,5.0,1.0,1.0,1990.0,1.0,3.0,701.0,2.0,2.0,2.0,84.0,70.0,0.0,0.0,0.0,0.0,0.0,6.0,2009.0,6.0,3.0
100000.0,160.0,3.0,21.0,1680.0,3.0,3.0,4.0,1.0,2.0,0.0,3.0,2.0,6.0,5.0,1973.0,1973.0,0.0,1.0,3.0,3.0,1.0,158.0,2.0,2.0,1.0,3.0,2.0,3.0,1.0,330.0,5.0,0.0,153.0,483.0,0.0,3.0,1.0,2.0,483.0,504.0,0.0,987.0,1.0,0.0,1.0,1.0,2.0,1.0,3.0,5.0,5.0,0.0,5.0,1973.0,2.0,1.0,264.0,2.0,2.0,2.0,0.0,0.0,0.0,0.0,0.0,0.0,0.0,11.0,2008.0,6.0,3.0
221500.0,20.0,2.0,86.0,11210.0,0.0,3.0,4.0,4.0,2.0,0.0,0.0,1.0,7.0,5.0,2005.0,2006.0,0.0,1.0,7.0,9.0,1.0,240.0,1.0,2.0,2.0,2.0,2.0,0.0,2.0,20.0,5.0,0.0,1594.0,1614.0,0.0,0.0,1.0,2.0,1614.0,0.0,0.0,1614.0,0.0,0.0,2.0,0.0,3.0,1.0,2.0,7.0,5.0,0.0,1.0,2005.0,1.0,3.0,865.0,2.0,2.0,2.0,144.0,59.0,0.0,0.0,0.0,0.0,0.0,7.0,2006.0,5.0,4.0
194201.0,120.0,2.0,53.0,3922.0,3.0,3.0,4.0,0.0,2.0,0.0,4.0,1.0,7.0,5.0,2006.0,2007.0,0.0,1.0,7.0,9.0,1.0,72.0,1.0,2.0,2.0,0.0,2.0,0.0,5.0,0.0,5.0,0.0,1258.0,1258.0,0.0,0.0,1.0,2.0,1402.0,0.0,0.0,1402.0,0.0,2.0,0.0,2.0,2.0,1.0,2.0,7.0,5.0,1.0,1.0,2006.0,0.0,3.0,648.0,2.0,2.0,2.0,120.0,16.0,0.0,0.0,0.0,0.0,0.0,2.0,2007.0,5.0,4.0
185500.0,20.0,2.0,65.0,8773.0,3.0,3.0,2.0,4.0,2.0,0.0,0.0,1.0,7.0,5.0,2004.0,2004.0,0.0,1.0,7.0,9.0,1.0,98.0,1.0,2.0,2.0,2.0,2.0,0.0,2.0,24.0,5.0,0.0,1390.0,1414.0,0.0,0.0,1.0,2.0,1414.0,0.0,0.0,1414.0,0.0,0.0,2.0,0.0,3.0,1.0,2.0,6.0,5.0,0.0,1.0,2004.0,1.0,2.0,494.0,2.0,2.0,2.0,132.0,105.0,0.0,0.0,0.0,0.0,0.0,5.0,2010.0,6.0,3.0
328900.0,120.0,0.0,50.0,5119.0,0.0,3.0,1.0,18.0,2.0,0.0,4.0,1.0,9.0,5.0,1999.0,2000.0,0.0,1.0,4.0,5.0,1.0,60.0,1.0,2.0,2.0,0.0,2.0,0.0,2.0,1238.0,5.0,0.0,460.0,1698.0,0.0,0.0,1.0,2.0,1709.0,0.0,0.0,1709.0,1.0,0.0,2.0,0.0,2.0,1.0,2.0,5.0,5.0,1.0,1.0,1999.0,0.0,2.0,506.0,2.0,2.0,2.0,97.0,65.0,0.0,0.0,0.0,0.0,0.0,1.0,2008.0,1.0,0.0
186700.0,20.0,2.0,50.0,35133.0,3.0,3.0,4.0,20.0,2.0,0.0,0.0,1.0,5.0,4.0,1963.0,1963.0,2.0,1.0,4.0,5.0,1.0,226.0,2.0,2.0,1.0,3.0,2.0,1.0,4.0,1159.0,5.0,0.0,413.0,1572.0,0.0,2.0,1.0,2.0,1572.0,0.0,0.0,1572.0,1.0,0.0,1.0,1.0,3.0,1.0,3.0,5.0,5.0,2.0,0.0,1963.0,1.0,3.0,995.0,2.0,2.0,2.0,0.0,263.0,0.0,0.0,263.0,0.0,0.0,5.0,2007.0,6.0,3.0
130000.0,80.0,2.0,92.0,6930.0,0.0,3.0,4.0,3.0,2.0,0.0,0.0,4.0,5.0,4.0,1958.0,1958.0,2.0,1.0,8.0,4.0,1.0,120.0,2.0,2.0,1.0,3.0,2.0,0.0,1.0,300.0,4.0,294.0,468.0,1062.0,0.0,0.0,1.0,1.0,1352.0,0.0,0.0,1352.0,0.0,1.0,1.0,0.0,3.0,1.0,2.0,6.0,3.0,0.0,3.0,1958.0,2.0,1.0,288.0,2.0,2.0,2.0,168.0,0.0,294.0,0.0,0.0,0.0,0.0,7.0,2006.0,6.0,0.0
155000.0,80.0,2.0,80.0,8816.0,3.0,3.0,4.0,3.0,2.0,0.0,0.0,4.0,6.0,7.0,1971.0,1971.0,0.0,1.0,3.0,3.0,1.0,80.0,2.0,2.0,1.0,3.0,2.0,0.0,2.0,504.0,5.0,0.0,506.0,1010.0,0.0,2.0,1.0,2.0,1052.0,0.0,0.0,1052.0,1.0,0.0,1.0,0.0,3.0,1.0,3.0,6.0,5.0,0.0,1.0,1971.0,2.0,2.0,440.0,2.0,2.0,2.0,0.0,0.0,0.0,0.0,0.0,0.0,0.0,6.0,2010.0,6.0,3.0
111000.0,20.0,2.0,75.0,10215.0,3.0,0.0,4.0,6.0,2.0,0.0,0.0,1.0,4.0,5.0,1954.0,1954.0,2.0,1.0,8.0,10.0,1.0,132.0,2.0,2.0,2.0,3.0,2.0,3.0,0.0,492.0,5.0,0.0,372.0,864.0,0.0,0.0,1.0,2.0,948.0,0.0,0.0,948.0,0.0,0.0,1.0,0.0,3.0,1.0,3.0,5.0,5.0,0.0,1.0,1954.0,2.0,1.0,248.0,2.0,2.0,2.0,0.0,0.0,0.0,0.0,0.0,0.0,0.0,2.0,2007.0,6.0,3.0
276000.0,60.0,2.0,69.0,9588.0,0.0,3.0,4.0,4.0,2.0,0.0,0.0,2.0,8.0,5.0,2007.0,2007.0,0.0,1.0,2.0,2.0,2.0,270.0,1.0,2.0,2.0,0.0,2.0,3.0,5.0,0.0,5.0,0.0,1482.0,1482.0,0.0,0.0,1.0,2.0,1482.0,1092.0,0.0,2574.0,0.0,0.0,2.0,1.0,3.0,1.0,0.0,10.0,5.0,1.0,3.0,2007.0,0.0,3.0,868.0,2.0,2.0,2.0,0.0,148.0,0.0,0.0,0.0,0.0,0.0,11.0,2007.0,5.0,4.0
144900.0,20.0,2.0,85.0,10200.0,3.0,3.0,4.0,10.0,2.0,0.0,0.0,1.0,5.0,7.0,1954.0,2003.0,0.0,1.0,8.0,10.0,1.0,104.0,2.0,2.0,1.0,3.0,2.0,3.0,0.0,320.0,1.0,362.0,404.0,1086.0,0.0,2.0,1.0,2.0,1086.0,0.0,0.0,1086.0,1.0,0.0,1.0,0.0,3.0,1.0,3.0,6.0,5.0,0.0,1.0,1989.0,2.0,2.0,490.0,2.0,2.0,2.0,0.0,0.0,0.0,0.0,0.0,0.0,0.0,5.0,2010.0,6.0,3.0
290000.0,20.0,2.0,85.0,10182.0,0.0,3.0,1.0,18.0,7.0,0.0,0.0,1.0,8.0,5.0,2006.0,2006.0,2.0,1.0,7.0,9.0,2.0,420.0,1.0,2.0,2.0,0.0,2.0,2.0,2.0,1220.0,5.0,0.0,440.0,1660.0,0.0,0.0,1.0,2.0,1660.0,0.0,0.0,1660.0,1.0,0.0,2.0,0.0,3.0,1.0,2.0,8.0,5.0,1.0,1.0,2006.0,1.0,2.0,500.0,2.0,2.0,2.0,322.0,50.0,0.0,0.0,0.0,0.0,0.0,5.0,2006.0,5.0,4.0
192000.0,20.0,2.0,70.0,8749.0,3.0,3.0,4.0,4.0,2.0,0.0,0.0,1.0,7.0,5.0,2002.0,2002.0,0.0,1.0,7.0,9.0,1.0,100.0,1.0,2.0,2.0,2.0,2.0,3.0,5.0,0.0,5.0,0.0,1459.0,1459.0,0.0,0.0,1.0,2.0,1459.0,0.0,0.0,1459.0,0.0,0.0,2.0,0.0,3.0,1.0,2.0,6.0,5.0,1.0,1.0,2002.0,1.0,2.0,527.0,2.0,2.0,2.0,192.0,39.0,0.0,0.0,0.0,0.0,0.0,9.0,2007.0,6.0,3.0
214000.0,20.0,2.0,70.0,10171.0,0.0,3.0,4.0,13.0,2.0,0.0,0.0,1.0,7.0,5.0,2004.0,2004.0,0.0,1.0,7.0,9.0,1.0,168.0,1.0,2.0,2.0,2.0,2.0,3.0,2.0,2.0,5.0,0.0,1515.0,1517.0,0.0,0.0,1.0,2.0,1535.0,0.0,0.0,1535.0,0.0,0.0,2.0,0.0,3.0,1.0,2.0,7.0,5.0,0.0,1.0,2004.0,1.0,2.0,532.0,2.0,2.0,2.0,0.0,0.0,0.0,0.0,0.0,0.0,0.0,3.0,2010.0,6.0,3.0
165000.0,20.0,2.0,78.0,10140.0,3.0,3.0,4.0,11.0,2.0,0.0,0.0,1.0,6.0,5.0,1974.0,1974.0,2.0,1.0,3.0,3.0,1.0,174.0,2.0,2.0,1.0,2.0,2.0,3.0,5.0,0.0,5.0,0.0,1064.0,1064.0,0.0,3.0,1.0,2.0,1350.0,0.0,0.0,1350.0,0.0,0.0,2.0,0.0,3.0,1.0,3.0,7.0,5.0,1.0,1.0,1974.0,1.0,2.0,478.0,2.0,2.0,2.0,0.0,0.0,0.0,0.0,0.0,0.0,0.0,8.0,2009.0,6.0,3.0
137500.0,85.0,2.0,80.0,8800.0,3.0,3.0,4.0,10.0,1.0,0.0,0.0,3.0,6.0,7.0,1963.0,1963.0,0.0,1.0,4.0,5.0,1.0,156.0,2.0,1.0,2.0,3.0,2.0,1.0,2.0,763.0,5.0,0.0,173.0,936.0,0.0,0.0,1.0,2.0,1054.0,0.0,0.0,1054.0,1.0,0.0,1.0,0.0,3.0,1.0,2.0,6.0,5.0,0.0,1.0,1963.0,1.0,2.0,480.0,2.0,2.0,2.0,120.0,0.0,0.0,0.0,0.0,0.0,0.0,5.0,2010.0,6.0,0.0
255000.0,20.0,2.0,116.0,13501.0,0.0,3.0,0.0,18.0,2.0,0.0,0.0,1.0,8.0,5.0,2006.0,2006.0,0.0,1.0,7.0,9.0,2.0,208.0,1.0,2.0,2.0,2.0,2.0,3.0,2.0,63.0,5.0,0.0,1560.0,1623.0,0.0,0.0,1.0,2.0,1636.0,0.0,0.0,1636.0,1.0,0.0,2.0,0.0,3.0,1.0,2.0,8.0,5.0,1.0,1.0,2006.0,1.0,3.0,865.0,2.0,2.0,2.0,0.0,60.0,0.0,0.0,0.0,0.0,0.0,6.0,2007.0,6.0,3.0
383970.0,60.0,2.0,77.0,9965.0,3.0,3.0,4.0,4.0,2.0,0.0,0.0,2.0,7.0,5.0,2007.0,2007.0,0.0,1.0,7.0,9.0,2.0,220.0,1.0,2.0,2.0,0.0,2.0,0.0,2.0,984.0,5.0,0.0,280.0,1264.0,0.0,0.0,1.0,2.0,1282.0,1414.0,0.0,2696.0,1.0,0.0,2.0,1.0,4.0,1.0,0.0,10.0,5.0,1.0,3.0,2007.0,0.0,3.0,792.0,2.0,2.0,2.0,120.0,184.0,0.0,0.0,168.0,0.0,0.0,10.0,2007.0,5.0,4.0
173733.0,160.0,0.0,30.0,3000.0,3.0,3.0,4.0,18.0,2.0,0.0,4.0,2.0,6.0,5.0,2009.0,2009.0,0.0,1.0,7.0,9.0,2.0,76.0,1.0,2.0,2.0,2.0,2.0,0.0,2.0,294.0,5.0,0.0,318.0,612.0,0.0,0.0,1.0,2.0,612.0,612.0,0.0,1224.0,0.0,0.0,2.0,1.0,2.0,1.0,2.0,4.0,5.0,0.0,5.0,2009.0,1.0,2.0,528.0,2.0,2.0,2.0,0.0,234.0,0.0,0.0,0.0,0.0,0.0,6.0,2009.0,5.0,4.0
213000.0,20.0,2.0,75.0,9750.0,3.0,3.0,4.0,4.0,2.0,0.0,0.0,1.0,7.0,5.0,2000.0,2001.0,0.0,1.0,7.0,9.0,1.0,171.0,1.0,2.0,2.0,2.0,2.0,3.0,5.0,0.0,5.0,0.0,1630.0,1630.0,0.0,0.0,1.0,2.0,1630.0,0.0,0.0,1630.0,0.0,0.0,2.0,0.0,3.0,1.0,2.0,6.0,5.0,1.0,1.0,2000.0,2.0,2.0,451.0,2.0,2.0,2.0,74.0,234.0,0.0,0.0,0.0,0.0,0.0,10.0,2009.0,6.0,3.0
293077.0,20.0,2.0,71.0,9520.0,0.0,1.0,4.0,20.0,2.0,0.0,0.0,1.0,8.0,5.0,2007.0,2008.0,0.0,1.0,7.0,9.0,2.0,338.0,1.0,2.0,2.0,2.0,2.0,1.0,2.0,1513.0,5.0,0.0,125.0,1638.0,0.0,0.0,1.0,2.0,1646.0,0.0,0.0,1646.0,1.0,0.0,2.0,0.0,3.0,1.0,2.0,7.0,5.0,1.0,1.0,2008.0,1.0,3.0,800.0,2.0,2.0,2.0,192.0,44.0,0.0,0.0,0.0,0.0,0.0,4.0,2008.0,5.0,4.0
221000.0,20.0,2.0,88.0,12803.0,0.0,3.0,4.0,4.0,2.0,0.0,0.0,1.0,7.0,5.0,2002.0,2002.0,0.0,1.0,7.0,9.0,1.0,99.0,1.0,2.0,2.0,2.0,2.0,2.0,2.0,922.0,5.0,0.0,572.0,1494.0,0.0,0.0,1.0,2.0,1494.0,0.0,0.0,1494.0,1.0,0.0,2.0,0.0,3.0,1.0,2.0,6.0,5.0,1.0,1.0,2002.0,1.0,2.0,530.0,2.0,2.0,2.0,192.0,36.0,0.0,0.0,0.0,0.0,0.0,9.0,2008.0,6.0,3.0
82500.0,20.0,2.0,85.0,11900.0,3.0,3.0,4.0,11.0,2.0,0.0,0.0,1.0,7.0,5.0,1977.0,1977.0,2.0,1.0,5.0,7.0,1.0,209.0,2.0,1.0,1.0,3.0,2.0,3.0,0.0,822.0,5.0,0.0,564.0,1386.0,0.0,3.0,1.0,2.0,1411.0,0.0,0.0,1411.0,0.0,0.0,2.0,0.0,3.0,1.0,3.0,6.0,5.0,1.0,1.0,1977.0,0.0,2.0,544.0,2.0,2.0,2.0,192.0,0.0,0.0,0.0,0.0,0.0,0.0,4.0,2009.0,6.0,2.0
214000.0,20.0,2.0,78.0,10264.0,0.0,3.0,4.0,4.0,2.0,0.0,0.0,1.0,7.0,5.0,1999.0,1999.0,0.0,1.0,7.0,9.0,1.0,183.0,1.0,2.0,2.0,2.0,2.0,0.0,0.0,1162.0,5.0,0.0,426.0,1588.0,0.0,0.0,1.0,2.0,1588.0,0.0,0.0,1588.0,0.0,0.0,2.0,0.0,3.0,1.0,2.0,6.0,5.0,0.0,1.0,1999.0,1.0,2.0,472.0,2.0,2.0,2.0,158.0,29.0,0.0,0.0,0.0,0.0,0.0,8.0,2006.0,6.0,3.0
370878.0,20.0,0.0,85.0,9187.0,3.0,3.0,4.0,18.0,2.0,0.0,0.0,1.0,9.0,5.0,2009.0,2009.0,0.0,1.0,2.0,2.0,2.0,162.0,0.0,2.0,2.0,0.0,2.0,2.0,2.0,1121.0,5.0,0.0,645.0,1766.0,0.0,0.0,1.0,2.0,1766.0,0.0,0.0,1766.0,1.0,0.0,2.0,1.0,2.0,1.0,0.0,7.0,5.0,1.0,1.0,2009.0,0.0,3.0,478.0,2.0,2.0,2.0,195.0,130.0,0.0,0.0,0.0,0.0,0.0,10.0,2009.0,5.0,4.0
256300.0,20.0,2.0,110.0,14230.0,3.0,3.0,0.0,13.0,2.0,0.0,0.0,1.0,8.0,5.0,2007.0,2007.0,0.0,1.0,7.0,9.0,2.0,640.0,1.0,2.0,2.0,2.0,2.0,3.0,5.0,0.0,5.0,0.0,1566.0,1566.0,0.0,0.0,1.0,2.0,1600.0,0.0,0.0,1600.0,0.0,0.0,2.0,0.0,3.0,1.0,2.0,7.0,5.0,1.0,1.0,2007.0,1.0,3.0,890.0,2.0,2.0,2.0,0.0,56.0,0.0,0.0,0.0,0.0,0.0,7.0,2009.0,6.0,3.0
179000.0,60.0,2.0,60.0,8123.0,0.0,3.0,4.0,7.0,5.0,0.0,0.0,2.0,6.0,5.0,2000.0,2000.0,0.0,1.0,7.0,9.0,1.0,16.0,2.0,2.0,2.0,2.0,2.0,3.0,5.0,0.0,5.0,0.0,982.0,982.0,0.0,0.0,1.0,2.0,1007.0,793.0,0.0,1800.0,0.0,0.0,2.0,1.0,3.0,1.0,3.0,7.0,5.0,1.0,1.0,2000.0,0.0,2.0,463.0,2.0,2.0,2.0,100.0,63.0,0.0,0.0,0.0,0.0,0.0,6.0,2009.0,6.0,3.0
176000.0,20.0,2.0,63.0,7875.0,3.0,3.0,4.0,7.0,2.0,0.0,0.0,1.0,7.0,5.0,1995.0,1996.0,0.0,1.0,3.0,3.0,1.0,38.0,2.0,2.0,2.0,2.0,1.0,3.0,5.0,0.0,5.0,0.0,1237.0,1237.0,0.0,2.0,1.0,2.0,1253.0,0.0,0.0,1253.0,0.0,0.0,2.0,0.0,3.0,1.0,3.0,6.0,5.0,1.0,1.0,1995.0,0.0,2.0,402.0,2.0,2.0,2.0,220.0,21.0,0.0,0.0,0.0,0.0,0.0,6.0,2007.0,6.0,3.0
205000.0,60.0,2.0,85.0,13600.0,3.0,3.0,4.0,10.0,2.0,0.0,0.0,2.0,7.0,6.0,1965.0,1990.0,0.0,1.0,3.0,3.0,1.0,176.0,2.0,2.0,1.0,3.0,2.0,3.0,1.0,454.0,5.0,0.0,314.0,768.0,0.0,3.0,1.0,2.0,1186.0,800.0,0.0,1986.0,0.0,0.0,2.0,1.0,3.0,1.0,3.0,7.0,5.0,3.0,1.0,1965.0,2.0,2.0,486.0,2.0,2.0,2.0,0.0,42.0,0.0,0.0,189.0,0.0,0.0,10.0,2009.0,6.0,3.0
260400.0,20.0,2.0,59.0,10593.0,0.0,3.0,4.0,12.0,2.0,0.0,0.0,1.0,7.0,5.0,1996.0,1996.0,2.0,1.0,7.0,9.0,1.0,338.0,1.0,2.0,2.0,2.0,2.0,3.0,2.0,919.0,5.0,0.0,801.0,1720.0,0.0,0.0,1.0,2.0,1720.0,0.0,0.0,1720.0,1.0,0.0,2.0,0.0,3.0,1.0,2.0,7.0,5.0,1.0,1.0,1996.0,0.0,2.0,527.0,2.0,2.0,2.0,240.0,56.0,154.0,0.0,0.0,0.0,0.0,3.0,2010.0,6.0,3.0
185000.0,20.0,0.0,60.0,7200.0,3.0,3.0,4.0,18.0,2.0,0.0,0.0,1.0,6.0,5.0,2006.0,2006.0,0.0,1.0,7.0,9.0,2.0,68.0,1.0,2.0,2.0,2.0,2.0,3.0,2.0,905.0,5.0,0.0,357.0,1262.0,0.0,2.0,1.0,2.0,1262.0,0.0,0.0,1262.0,0.0,0.0,2.0,0.0,2.0,1.0,2.0,5.0,5.0,0.0,1.0,2006.0,0.0,2.0,572.0,2.0,2.0,2.0,0.0,120.0,0.0,0.0,0.0,0.0,0.0,5.0,2006.0,5.0,4.0
177000.0,80.0,2.0,124.0,11512.0,0.0,3.0,0.0,6.0,2.0,0.0,0.0,4.0,6.0,7.0,1959.0,2006.0,0.0,1.0,5.0,7.0,1.0,84.0,2.0,2.0,1.0,3.0,2.0,0.0,0.0,719.0,5.0,0.0,300.0,1019.0,0.0,2.0,1.0,2.0,1357.0,0.0,0.0,1357.0,1.0,0.0,1.0,0.0,2.0,1.0,0.0,5.0,5.0,1.0,2.0,1959.0,1.0,1.0,312.0,2.0,2.0,2.0,0.0,0.0,0.0,0.0,163.0,0.0,0.0,5.0,2008.0,6.0,3.0
285000.0,50.0,2.0,85.0,10678.0,3.0,3.0,4.0,12.0,2.0,0.0,0.0,0.0,8.0,5.0,1992.0,2000.0,2.0,1.0,3.0,3.0,1.0,337.0,1.0,2.0,2.0,2.0,2.0,3.0,2.0,700.0,5.0,0.0,983.0,1683.0,0.0,0.0,1.0,2.0,2129.0,743.0,0.0,2872.0,0.0,0.0,2.0,1.0,4.0,1.0,2.0,9.0,5.0,1.0,1.0,1992.0,0.0,2.0,541.0,2.0,2.0,2.0,0.0,33.0,0.0,0.0,0.0,0.0,0.0,4.0,2007.0,6.0,3.0
184750.0,60.0,2.0,130.0,40094.0,0.0,0.0,4.0,6.0,3.0,1.0,0.0,2.0,10.0,5.0,2007.0,2008.0,2.0,1.0,2.0,2.0,2.0,762.0,0.0,2.0,2.0,0.0,2.0,1.0,2.0,2260.0,5.0,0.0,878.0,3138.0,0.0,0.0,1.0,2.0,3138.0,1538.0,0.0,4676.0,1.0,0.0,3.0,1.0,3.0,1.0,0.0,11.0,5.0,1.0,3.0,2007.0,0.0,3.0,884.0,2.0,2.0,2.0,208.0,406.0,0.0,0.0,0.0,0.0,0.0,10.0,2007.0,5.0,4.0
